{
  "timestamp": "2025-11-04T14:24:12.152677",
  "analysis": {
    "classical": {
      "linear_r2": 0.054419478541697375,
      "log_r2": 0.034383924609671546,
      "constant_r2": 1.1102230246251565e-16,
      "linear_params": [
        -4.451868630500727e-06,
        0.010112441107722553
      ],
      "log_params": [
        -0.0003744288640227514,
        0.01118871970469485
      ],
      "constant_params": [
        0.009484356641769054
      ],
      "best_fit": "O(n)",
      "linear_pred": [
        0.010059018684156543,
        0.010010048129221035,
        0.009961077574285528,
        0.009880943938936515,
        0.009774099091804498,
        0.009698417325085985,
        0.009511438842604955,
        0.009373430915059433,
        0.009168644958056398,
        0.008959407132422865,
        0.008727909963636827,
        0.00868784314596232
      ],
      "log_pred": [
        0.010228328630504642,
        0.009998764619194515,
        0.00985749476882588,
        0.009702127813664814,
        0.009562273575054308,
        0.009487579000449,
        0.009349279916492882,
        0.009272395095436174,
        0.009181297169394195,
        0.009106639998401526,
        0.009038373545004306,
        0.009027725561187087
      ],
      "const_pred": [
        0.009484356641769054,
        0.009484356641769054,
        0.009484356641769054,
        0.009484356641769054,
        0.009484356641769054,
        0.009484356641769054,
        0.009484356641769054,
        0.009484356641769054,
        0.009484356641769054,
        0.009484356641769054,
        0.009484356641769054,
        0.009484356641769054
      ]
    },
    "quantum": {
      "linear_r2": 0.0025944390466705602,
      "log_r2": 0.007803787470964552,
      "constant_r2": -2.220446049250313e-16,
      "linear_params": [
        -1.5530756904968968e-06,
        0.013862759335633523
      ],
      "log_params": [
        0.00028500323232387984,
        0.012346339779195607
      ],
      "constant_params": [
        0.013643646240234064
      ],
      "best_fit": "O(log n)",
      "linear_pred": [
        0.01384412242734756,
        0.013827038594752095,
        0.013809954762156629,
        0.013781999399727685,
        0.013744725583155759,
        0.013718323296417312,
        0.013653094117416442,
        0.013604948771011038,
        0.013533507289248181,
        0.013460512731794827,
        0.013379752795888988,
        0.013365775114674516
      ],
      "log_pred": [
        0.013077358636819204,
        0.013252095393344059,
        0.01335962546875653,
        0.013477885807827324,
        0.013584338365009902,
        0.013641193477542776,
        0.013746462300922083,
        0.013804984558747999,
        0.013874325375855487,
        0.013931152017959057,
        0.013983114250967656,
        0.013991219154454625
      ],
      "const_pred": [
        0.013643646240234064,
        0.013643646240234064,
        0.013643646240234064,
        0.013643646240234064,
        0.013643646240234064,
        0.013643646240234064,
        0.013643646240234064,
        0.013643646240234064,
        0.013643646240234064,
        0.013643646240234064,
        0.013643646240234064,
        0.013643646240234064
      ]
    },
    "quality_scaling": {
      "classical": {
        "linear_r2": 0.7943683636969796,
        "log_r2": 0.9790467347482856,
        "best_fit": "O(log n)",
        "improvement_rate": 0.25840193149726476
      },
      "quantum": {
        "linear_r2": 0.5627934775396002,
        "log_r2": 0.8537744865734472,
        "best_fit": "O(log n)",
        "improvement_rate": 0.6970158047420861
      }
    }
  },
  "interpretation": {
    "classical_best_fit": "O(n)",
    "quantum_best_fit": "O(log n)",
    "proof_status": "CONFIRMED"
  }
}