{
  "timestamp": "2025-11-03T14:56:40.707597",
  "analysis": {
    "classical": {
      "linear_r2": 0.24380612055164308,
      "log_r2": 0.4102760107939485,
      "constant_r2": 0.0,
      "linear_params": [
        -1.3013585258292437e-05,
        0.00722279453523722
      ],
      "log_params": [
        -0.0009057989088880898,
        0.00992800181268288
      ],
      "constant_params": [
        0.006335268020629882
      ],
      "best_fit": "O(log n)",
      "linear_pred": [
        0.007027590756362834,
        0.006884441318521617,
        0.006298829981898457,
        0.005895408838891392,
        0.005570069207434081
      ],
      "log_pred": [
        0.007416593973282664,
        0.006942636375583017,
        0.006054202308399476,
        0.005729869352152476,
        0.005533038093732501
      ],
      "const_pred": [
        0.006335268020629882,
        0.006335268020629882,
        0.006335268020629882,
        0.006335268020629882,
        0.006335268020629882
      ]
    },
    "quantum": {
      "linear_r2": 0.9133243501140028,
      "log_r2": 0.9354182715089613,
      "constant_r2": -2.220446049250313e-16,
      "linear_params": [
        7.4416064409264835e-06,
        0.008172373073358209
      ],
      "log_params": [
        0.00040408821819372967,
        0.0070771271689473204
      ],
      "constant_params": [
        0.00867989063262975
      ],
      "best_fit": "O(log n)",
      "linear_pred": [
        0.008283997169972105,
        0.008365854840822298,
        0.008700727130663988,
        0.00893141693033271,
        0.009117457091355871
      ],
      "log_pred": [
        0.008197497605501224,
        0.008408936015588215,
        0.008805277560790012,
        0.008949966547611862,
        0.00903777543291665
      ],
      "const_pred": [
        0.00867989063262975,
        0.00867989063262975,
        0.00867989063262975,
        0.00867989063262975,
        0.00867989063262975
      ]
    },
    "quality_scaling": {
      "classical": {
        "linear_r2": 0.8930403695721375,
        "log_r2": 0.975215800471671,
        "best_fit": "O(log n)",
        "improvement_rate": 0.1667458007504751
      },
      "quantum": {
        "linear_r2": 0.8422062682860909,
        "log_r2": 0.9325498302956509,
        "best_fit": "O(log n)",
        "improvement_rate": 0.6735429466835356
      }
    }
  },
  "interpretation": {
    "classical_best_fit": "O(log n)",
    "quantum_best_fit": "O(log n)",
    "proof_status": "PARTIAL"
  }
}