{
  "timestamp": "2025-11-03T15:25:26.733445",
  "analysis": {
    "classical": {
      "linear_r2": 0.0002606529209101538,
      "log_r2": 0.07764707921462155,
      "constant_r2": 1.1102230246251565e-16,
      "linear_params": [
        -3.241675854415149e-07,
        0.008390551805142143
      ],
      "log_params": [
        -0.0005920075642296094,
        0.011039576895041092
      ],
      "constant_params": [
        0.00834481716155977
      ],
      "best_fit": "O(log n)",
      "linear_pred": [
        0.008386661794116845,
        0.008383095950676989,
        0.008379530107237132,
        0.008373695090699185,
        0.008365915068648588,
        0.008360404219696083,
        0.008346789181107539,
        0.008336739985958852,
        0.008321828277028542,
        0.008306592400512791,
        0.008289735686069832,
        0.008286818177800859
      ],
      "log_pred": [
        0.009521107473557985,
        0.009158144987946225,
        0.00893478394917028,
        0.008689134050018586,
        0.008468011227762123,
        0.008349912017412333,
        0.008131248042235802,
        0.008009685844410036,
        0.007865651378896167,
        0.007747611307207258,
        0.007639675566463118,
        0.007622840093642291
      ],
      "const_pred": [
        0.00834481716155977,
        0.00834481716155977,
        0.00834481716155977,
        0.00834481716155977,
        0.00834481716155977,
        0.00834481716155977,
        0.00834481716155977,
        0.00834481716155977,
        0.00834481716155977,
        0.00834481716155977,
        0.00834481716155977,
        0.00834481716155977
      ]
    },
    "quantum": {
      "linear_r2": 0.41883329805808656,
      "log_r2": 0.2678558856021195,
      "constant_r2": -2.220446049250313e-16,
      "linear_params": [
        8.30935262303625e-06,
        0.010389418344725173
      ],
      "log_params": [
        0.0007031105755305353,
        0.008361239889966156
      ],
      "constant_params": [
        0.01156172951062484
      ],
      "best_fit": "O(n)",
      "linear_pred": [
        0.010489130576201608,
        0.010580533455055007,
        0.010671936333908406,
        0.010821504681123058,
        0.011020929144075929,
        0.011162188138667544,
        0.011511180948835067,
        0.011768770880149191,
        0.012151001100808858,
        0.012541540674091562,
        0.012973627010489448,
        0.013048411184096774
      ],
      "log_pred": [
        0.010164682908897613,
        0.010595763147689122,
        0.01086104271169135,
        0.011152794122328018,
        0.011415415420118358,
        0.011555678499132896,
        0.011815379494058928,
        0.01195975546497622,
        0.01213082111018546,
        0.01227101395189156,
        0.01239920616662058,
        0.012419201179690701
      ],
      "const_pred": [
        0.01156172951062484,
        0.01156172951062484,
        0.01156172951062484,
        0.01156172951062484,
        0.01156172951062484,
        0.01156172951062484,
        0.01156172951062484,
        0.01156172951062484,
        0.01156172951062484,
        0.01156172951062484,
        0.01156172951062484,
        0.01156172951062484
      ]
    },
    "quality_scaling": {
      "classical": {
        "linear_r2": 0.7943683636969796,
        "log_r2": 0.9790467347482856,
        "best_fit": "O(log n)",
        "improvement_rate": 0.25840193149726476
      },
      "quantum": {
        "linear_r2": 0.5627934775396002,
        "log_r2": 0.8537744865734472,
        "best_fit": "O(log n)",
        "improvement_rate": 0.6970158047420861
      }
    }
  },
  "interpretation": {
    "classical_best_fit": "O(log n)",
    "quantum_best_fit": "O(n)",
    "proof_status": "PARTIAL"
  }
}