dataset_size,num_chunks,classical_retrieval_time,classical_similarity,classical_bleu,quantum_retrieval_time,quantum_similarity,quantum_bleu,quantum_advantage_similarity,quantum_advantage_bleu
5,15,0.008571410179138183,0.40607613406028253,0.0,0.00815255641937256,0.42071570134275166,0.0,0.014639567282469124,0.0
10,26,0.0055064201354980465,0.43264714357831763,0.0,0.008500432968139649,0.4452614919021591,0.0,0.012614348323841451,0.0
20,71,0.005735659599304199,0.4568081021491442,0.0,0.008762097358703614,0.6964038398373621,0.0,0.2395957376882179,0.0
30,102,0.005807805061340332,0.4631957898347908,0.0,0.008839106559753418,0.7003217022140396,0.0,0.23712591237924874,0.0
38,127,0.0060550451278686525,0.4737876241998216,0.0,0.009145259857177734,0.7040857945411789,0.0,0.2302981703413573,0.0
